date,asset_id,price,currency
2025-01-15,US_EQUITY,150.25,USD
2025-01-16,US_EQUITY,149.386828,USD
2025-01-17,US_EQUITY,149.251975,USD
2025-01-20,US_EQUITY,149.015852,USD
2025-01-21,US_EQUITY,150.425894,USD
2025-01-22,US_EQUITY,150.142993,USD
2025-01-23,US_EQUITY,149.075592,USD
2025-01-24,US_EQUITY,149.809041,USD
2025-01-27,US_EQUITY,150.654894,USD
2025-01-28,US_EQUITY,150.873682,USD
2025-01-29,US_EQUITY,150.481227,USD
2025-01-30,US_EQUITY,151.934581,USD
2025-01-31,US_EQUITY,151.635412,USD
2025-02-03,US_EQUITY,153.339885,USD
2025-02-04,US_EQUITY,154.628546,USD
2025-02-05,US_EQUITY,153.362479,USD
2025-02-06,US_EQUITY,153.358261,USD
2025-02-07,US_EQUITY,154.344067,USD
2025-02-10,US_EQUITY,154.353615,USD
2025-02-11,US_EQUITY,152.746496,USD
2025-02-12,US_EQUITY,152.734712,USD
2025-02-13,US_EQUITY,152.093501,USD
2025-02-14,US_EQUITY,152.582575,USD
2025-02-17,US_EQUITY,152.314248,USD
2025-02-18,US_EQUITY,153.265823,USD
2025-02-19,US_EQUITY,153.298372,USD
2025-02-20,US_EQUITY,153.360694,USD
2025-02-21,US_EQUITY,153.107756,USD
2025-02-24,US_EQUITY,151.013726,USD
2025-02-25,US_EQUITY,150.26514,USD
2025-02-26,US_EQUITY,149.837616,USD
2025-02-27,US_EQUITY,148.869559,USD
2025-02-28,US_EQUITY,147.23037,USD
2025-03-03,US_EQUITY,146.172604,USD
2025-03-04,US_EQUITY,147.393399,USD
2025-03-05,US_EQUITY,148.98717,USD
2025-03-06,US_EQUITY,149.081394,USD
2025-03-07,US_EQUITY,146.159729,USD
2025-03-10,US_EQUITY,147.967474,USD
2025-03-11,US_EQUITY,147.947518,USD
2025-03-12,US_EQUITY,145.944197,USD
2025-03-13,US_EQUITY,145.01476,USD
2025-03-14,US_EQUITY,145.226024,USD
2025-03-17,US_EQUITY,146.004105,USD
2025-03-18,US_EQUITY,148.305177,USD
2025-03-19,US_EQUITY,147.233516,USD
2025-03-20,US_EQUITY,147.330877,USD
2025-03-21,US_EQUITY,145.633676,USD
2025-03-24,US_EQUITY,147.048324,USD
2025-03-25,US_EQUITY,147.956826,USD
2025-03-26,US_EQUITY,147.7876,USD
2025-03-27,US_EQUITY,146.835601,USD
2025-03-28,US_EQUITY,146.558491,USD
2025-03-31,US_EQUITY,147.417664,USD
2025-04-01,US_EQUITY,145.15947,USD
2025-04-02,US_EQUITY,142.459102,USD
2025-04-03,US_EQUITY,143.462318,USD
2025-04-04,US_EQUITY,143.984568,USD
2025-04-07,US_EQUITY,144.560471,USD
2025-04-08,US_EQUITY,145.681582,USD
2025-04-09,US_EQUITY,143.883113,USD
2025-04-10,US_EQUITY,144.642431,USD
2025-04-11,US_EQUITY,142.834801,USD
2025-04-14,US_EQUITY,142.324084,USD
2025-04-15,US_EQUITY,142.38006,USD
2025-04-16,US_EQUITY,140.691533,USD
2025-04-17,US_EQUITY,140.501062,USD
2025-04-18,US_EQUITY,142.787046,USD
2025-04-21,US_EQUITY,144.304612,USD
2025-04-22,US_EQUITY,141.432512,USD
2025-04-23,US_EQUITY,141.041585,USD
2025-04-24,US_EQUITY,139.603707,USD
2025-04-25,US_EQUITY,139.076315,USD
2025-04-28,US_EQUITY,142.679702,USD
2025-04-29,US_EQUITY,142.694249,USD
2025-04-30,US_EQUITY,142.027163,USD
2025-05-01,US_EQUITY,142.446025,USD
2025-05-02,US_EQUITY,142.97645,USD
2025-05-05,US_EQUITY,143.786419,USD
2025-05-06,US_EQUITY,143.062136,USD
2025-05-07,US_EQUITY,140.941989,USD
2025-05-08,US_EQUITY,141.460311,USD
2025-05-09,US_EQUITY,143.232918,USD
2025-05-12,US_EQUITY,142.275668,USD
2025-05-13,US_EQUITY,143.138479,USD
2025-05-14,US_EQUITY,142.628647,USD
2025-05-15,US_EQUITY,143.283707,USD
2025-05-16,US_EQUITY,141.281758,USD
2025-05-19,US_EQUITY,141.244884,USD
2025-05-20,US_EQUITY,139.655824,USD
2025-05-21,US_EQUITY,140.602452,USD
2025-05-22,US_EQUITY,139.900041,USD
2025-05-23,US_EQUITY,142.242321,USD
2025-05-26,US_EQUITY,143.575379,USD
2025-05-27,US_EQUITY,143.610207,USD
2025-05-28,US_EQUITY,142.174077,USD
2025-05-29,US_EQUITY,144.914111,USD
2025-05-30,US_EQUITY,145.28734,USD
2025-06-02,US_EQUITY,144.963314,USD
2025-06-03,US_EQUITY,144.277107,USD
2025-06-04,US_EQUITY,148.607114,USD
2025-06-05,US_EQUITY,147.007516,USD
2025-06-06,US_EQUITY,146.131154,USD
2025-06-09,US_EQUITY,145.97929,USD
2025-06-10,US_EQUITY,144.67765,USD
2025-06-11,US_EQUITY,146.000636,USD
2025-06-12,US_EQUITY,147.118992,USD
2025-06-13,US_EQUITY,147.638757,USD
2025-06-16,US_EQUITY,149.295712,USD
2025-06-17,US_EQUITY,150.270625,USD
2025-06-18,US_EQUITY,149.428302,USD
2025-06-19,US_EQUITY,146.489783,USD
2025-06-20,US_EQUITY,146.156707,USD
2025-06-23,US_EQUITY,146.469041,USD
2025-06-24,US_EQUITY,149.292402,USD
2025-06-25,US_EQUITY,148.538662,USD
2025-06-26,US_EQUITY,147.265406,USD
2025-06-27,US_EQUITY,146.817434,USD
2025-06-30,US_EQUITY,149.141483,USD
2025-07-01,US_EQUITY,150.719322,USD
2025-07-02,US_EQUITY,151.356231,USD
2025-07-03,US_EQUITY,148.717274,USD
2025-07-04,US_EQUITY,147.839001,USD
2025-07-07,US_EQUITY,147.5631,USD
2025-07-08,US_EQUITY,149.775871,USD
2025-07-09,US_EQUITY,151.153997,USD
2025-07-10,US_EQUITY,153.967566,USD
2025-07-11,US_EQUITY,155.186521,USD
2025-07-14,US_EQUITY,157.780978,USD
2025-07-15,US_EQUITY,159.605465,USD
2025-07-16,US_EQUITY,157.569834,USD
2025-07-17,US_EQUITY,159.011761,USD
2025-07-18,US_EQUITY,158.812183,USD
2025-07-21,US_EQUITY,159.081163,USD
2025-07-22,US_EQUITY,158.222003,USD
2025-07-23,US_EQUITY,156.448535,USD
2025-07-24,US_EQUITY,157.25246,USD
2025-07-25,US_EQUITY,155.874962,USD
2025-07-28,US_EQUITY,156.154285,USD
2025-07-29,US_EQUITY,156.478029,USD
2025-07-30,US_EQUITY,154.858761,USD
2025-07-31,US_EQUITY,153.671665,USD
2025-08-01,US_EQUITY,152.595146,USD
2025-08-04,US_EQUITY,152.773539,USD
2025-08-05,US_EQUITY,153.786282,USD
2025-08-06,US_EQUITY,151.97105,USD
2025-08-07,US_EQUITY,153.579606,USD
2025-08-08,US_EQUITY,153.668015,USD
2025-08-11,US_EQUITY,152.565528,USD
2025-08-12,US_EQUITY,150.92781,USD
2025-08-13,US_EQUITY,150.961349,USD
2025-08-14,US_EQUITY,151.524458,USD
2025-08-15,US_EQUITY,150.854535,USD
2025-08-18,US_EQUITY,151.356605,USD
2025-08-19,US_EQUITY,153.477987,USD
2025-08-20,US_EQUITY,154.52058,USD
2025-08-21,US_EQUITY,154.652527,USD
2025-08-22,US_EQUITY,152.671155,USD
2025-08-25,US_EQUITY,150.581578,USD
2025-08-26,US_EQUITY,151.717679,USD
2025-08-27,US_EQUITY,151.529163,USD
2025-08-28,US_EQUITY,151.077062,USD
2025-08-29,US_EQUITY,151.772576,USD
2025-09-01,US_EQUITY,152.124247,USD
2025-09-02,US_EQUITY,155.152211,USD
2025-09-03,US_EQUITY,153.189277,USD
2025-09-04,US_EQUITY,154.633714,USD
2025-09-05,US_EQUITY,155.221795,USD
2025-09-08,US_EQUITY,155.952058,USD
2025-09-09,US_EQUITY,157.086472,USD
2025-09-10,US_EQUITY,156.442082,USD
2025-09-11,US_EQUITY,153.838534,USD
2025-09-12,US_EQUITY,156.242908,USD
2025-09-15,US_EQUITY,157.395929,USD
2025-09-16,US_EQUITY,159.901287,USD
2025-09-17,US_EQUITY,161.048253,USD
2025-09-18,US_EQUITY,159.983903,USD
2025-09-19,US_EQUITY,162.275726,USD
2025-09-22,US_EQUITY,159.25708,USD
2025-09-23,US_EQUITY,160.669206,USD
2025-09-24,US_EQUITY,159.855185,USD
2025-09-25,US_EQUITY,158.734421,USD
2025-09-26,US_EQUITY,156.700839,USD
2025-09-29,US_EQUITY,156.584156,USD
2025-09-30,US_EQUITY,159.371612,USD
2025-10-01,US_EQUITY,156.775731,USD
2025-10-02,US_EQUITY,156.357171,USD
2025-10-03,US_EQUITY,157.388978,USD
2025-10-06,US_EQUITY,158.148057,USD
2025-10-07,US_EQUITY,157.903852,USD
2025-10-08,US_EQUITY,160.220124,USD
2025-10-09,US_EQUITY,162.765598,USD
2025-10-10,US_EQUITY,162.612752,USD
2025-10-13,US_EQUITY,164.76824,USD
2025-10-14,US_EQUITY,162.5272,USD
2025-10-15,US_EQUITY,162.895256,USD
2025-10-16,US_EQUITY,161.200049,USD
2025-10-17,US_EQUITY,160.187056,USD
2025-10-20,US_EQUITY,158.387539,USD
2025-10-21,US_EQUITY,157.265999,USD
2025-10-22,US_EQUITY,156.142104,USD
2025-10-23,US_EQUITY,154.886051,USD
2025-10-24,US_EQUITY,153.835592,USD
2025-10-27,US_EQUITY,151.109085,USD
2025-10-28,US_EQUITY,151.489524,USD
2025-10-29,US_EQUITY,151.270537,USD
2025-10-30,US_EQUITY,151.999827,USD
2025-10-31,US_EQUITY,153.745024,USD
2025-11-03,US_EQUITY,154.785721,USD
2025-11-04,US_EQUITY,151.184438,USD
2025-11-05,US_EQUITY,151.583527,USD
2025-11-06,US_EQUITY,152.8881,USD
2025-11-07,US_EQUITY,154.553913,USD
2025-11-10,US_EQUITY,154.209153,USD
2025-11-11,US_EQUITY,154.655923,USD
2025-11-12,US_EQUITY,153.817909,USD
2025-11-13,US_EQUITY,151.737641,USD
2025-11-14,US_EQUITY,150.43688,USD
2025-11-17,US_EQUITY,153.196362,USD
2025-11-18,US_EQUITY,151.153217,USD
2025-11-19,US_EQUITY,152.718555,USD
2025-11-20,US_EQUITY,153.12079,USD
2025-11-21,US_EQUITY,155.341159,USD
2025-11-24,US_EQUITY,156.726299,USD
2025-11-25,US_EQUITY,157.10507,USD
2025-11-26,US_EQUITY,156.068008,USD
2025-11-27,US_EQUITY,159.2672,USD
2025-11-28,US_EQUITY,159.849424,USD
2025-12-01,US_EQUITY,160.675888,USD
2025-12-02,US_EQUITY,160.95357,USD
2025-12-03,US_EQUITY,162.683462,USD
2025-12-04,US_EQUITY,162.285742,USD
2025-12-05,US_EQUITY,164.672809,USD
2025-12-08,US_EQUITY,163.640301,USD
2025-12-09,US_EQUITY,164.48667,USD
2025-12-10,US_EQUITY,164.63633,USD
2025-12-11,US_EQUITY,164.715392,USD
2025-12-12,US_EQUITY,164.745398,USD
2025-12-15,US_EQUITY,164.788159,USD
2025-12-16,US_EQUITY,164.853982,USD
2025-12-17,US_EQUITY,163.521467,USD
2025-12-18,US_EQUITY,165.083619,USD
2025-12-19,US_EQUITY,165.21788,USD
2025-12-22,US_EQUITY,165.974579,USD
2025-12-23,US_EQUITY,166.391311,USD
2025-12-24,US_EQUITY,166.28029,USD
2025-12-25,US_EQUITY,165.99054,USD
2025-12-26,US_EQUITY,167.262373,USD
2025-12-29,US_EQUITY,167.538717,USD
2025-12-30,US_EQUITY,169.750831,USD
2025-12-31,US_EQUITY,172.214083,USD
2025-01-15,EU_EQUITY,120.4,EUR
2025-01-16,EU_EQUITY,120.701583,EUR
2025-01-17,EU_EQUITY,121.172834,EUR
2025-01-20,EU_EQUITY,120.361336,EUR
2025-01-21,EU_EQUITY,121.02559,EUR
2025-01-22,EU_EQUITY,121.112399,EUR
2025-01-23,EU_EQUITY,119.113822,EUR
2025-01-24,EU_EQUITY,120.045756,EUR
2025-01-27,EU_EQUITY,119.729296,EUR
2025-01-28,EU_EQUITY,120.280117,EUR
2025-01-29,EU_EQUITY,119.618836,EUR
2025-01-30,EU_EQUITY,121.018725,EUR
2025-01-31,EU_EQUITY,120.986775,EUR
2025-02-03,EU_EQUITY,122.340726,EUR
2025-02-04,EU_EQUITY,122.015252,EUR
2025-02-05,EU_EQUITY,121.781435,EUR
2025-02-06,EU_EQUITY,122.187817,EUR
2025-02-07,EU_EQUITY,122.737248,EUR
2025-02-10,EU_EQUITY,123.063816,EUR
2025-02-11,EU_EQUITY,120.832553,EUR
2025-02-12,EU_EQUITY,120.671454,EUR
2025-02-13,EU_EQUITY,119.687186,EUR
2025-02-14,EU_EQUITY,120.103566,EUR
2025-02-17,EU_EQUITY,120.773791,EUR
2025-02-18,EU_EQUITY,121.73681,EUR
2025-02-19,EU_EQUITY,122.072578,EUR
2025-02-20,EU_EQUITY,121.797949,EUR
2025-02-21,EU_EQUITY,123.187003,EUR
2025-02-24,EU_EQUITY,121.118809,EUR
2025-02-25,EU_EQUITY,120.115389,EUR
2025-02-26,EU_EQUITY,119.069395,EUR
2025-02-27,EU_EQUITY,117.659558,EUR
2025-02-28,EU_EQUITY,115.776669,EUR
2025-03-03,EU_EQUITY,117.057315,EUR
2025-03-04,EU_EQUITY,118.126305,EUR
2025-03-05,EU_EQUITY,119.306435,EUR
2025-03-06,EU_EQUITY,122.438763,EUR
2025-03-07,EU_EQUITY,120.497235,EUR
2025-03-10,EU_EQUITY,122.175019,EUR
2025-03-11,EU_EQUITY,122.003326,EUR
2025-03-12,EU_EQUITY,119.1682,EUR
2025-03-13,EU_EQUITY,119.016163,EUR
2025-03-14,EU_EQUITY,118.70509,EUR
2025-03-17,EU_EQUITY,118.946029,EUR
2025-03-18,EU_EQUITY,120.804543,EUR
2025-03-19,EU_EQUITY,120.601349,EUR
2025-03-20,EU_EQUITY,121.065137,EUR
2025-03-21,EU_EQUITY,120.451058,EUR
2025-03-24,EU_EQUITY,121.118212,EUR
2025-03-25,EU_EQUITY,122.510455,EUR
2025-03-26,EU_EQUITY,121.43864,EUR
2025-03-27,EU_EQUITY,121.129115,EUR
2025-03-28,EU_EQUITY,120.587608,EUR
2025-03-31,EU_EQUITY,120.232568,EUR
2025-04-01,EU_EQUITY,119.101126,EUR
2025-04-02,EU_EQUITY,117.772354,EUR
2025-04-03,EU_EQUITY,119.270222,EUR
2025-04-04,EU_EQUITY,120.110355,EUR
2025-04-07,EU_EQUITY,121.29023,EUR
2025-04-08,EU_EQUITY,120.736126,EUR
2025-04-09,EU_EQUITY,120.257069,EUR
2025-04-10,EU_EQUITY,119.497356,EUR
2025-04-11,EU_EQUITY,117.131112,EUR
2025-04-14,EU_EQUITY,115.465178,EUR
2025-04-15,EU_EQUITY,115.251548,EUR
2025-04-16,EU_EQUITY,113.825354,EUR
2025-04-17,EU_EQUITY,113.553778,EUR
2025-04-18,EU_EQUITY,114.717953,EUR
2025-04-21,EU_EQUITY,115.626009,EUR
2025-04-22,EU_EQUITY,115.064736,EUR
2025-04-23,EU_EQUITY,114.181916,EUR
2025-04-24,EU_EQUITY,112.927846,EUR
2025-04-25,EU_EQUITY,113.404504,EUR
2025-04-28,EU_EQUITY,117.626831,EUR
2025-04-29,EU_EQUITY,118.193783,EUR
2025-04-30,EU_EQUITY,116.622699,EUR
2025-05-01,EU_EQUITY,117.393555,EUR
2025-05-02,EU_EQUITY,117.650877,EUR
2025-05-05,EU_EQUITY,118.457791,EUR
2025-05-06,EU_EQUITY,118.564657,EUR
2025-05-07,EU_EQUITY,115.900573,EUR
2025-05-08,EU_EQUITY,115.701872,EUR
2025-05-09,EU_EQUITY,116.069873,EUR
2025-05-12,EU_EQUITY,116.577303,EUR
2025-05-13,EU_EQUITY,118.053746,EUR
2025-05-14,EU_EQUITY,117.774469,EUR
2025-05-15,EU_EQUITY,118.557962,EUR
2025-05-16,EU_EQUITY,116.971675,EUR
2025-05-19,EU_EQUITY,115.989825,EUR
2025-05-20,EU_EQUITY,115.487367,EUR
2025-05-21,EU_EQUITY,116.10186,EUR
2025-05-22,EU_EQUITY,113.560065,EUR
2025-05-23,EU_EQUITY,114.344373,EUR
2025-05-26,EU_EQUITY,114.391317,EUR
2025-05-27,EU_EQUITY,114.665161,EUR
2025-05-28,EU_EQUITY,112.82407,EUR
2025-05-29,EU_EQUITY,114.662689,EUR
2025-05-30,EU_EQUITY,115.779741,EUR
2025-06-02,EU_EQUITY,116.67257,EUR
2025-06-03,EU_EQUITY,115.552743,EUR
2025-06-04,EU_EQUITY,117.345468,EUR
2025-06-05,EU_EQUITY,115.820468,EUR
2025-06-06,EU_EQUITY,115.453893,EUR
2025-06-09,EU_EQUITY,115.60307,EUR
2025-06-10,EU_EQUITY,113.457286,EUR
2025-06-11,EU_EQUITY,114.936033,EUR
2025-06-12,EU_EQUITY,114.37862,EUR
2025-06-13,EU_EQUITY,115.824212,EUR
2025-06-16,EU_EQUITY,116.298501,EUR
2025-06-17,EU_EQUITY,117.709289,EUR
2025-06-18,EU_EQUITY,116.641715,EUR
2025-06-19,EU_EQUITY,115.145903,EUR
2025-06-20,EU_EQUITY,114.141374,EUR
2025-06-23,EU_EQUITY,114.129729,EUR
2025-06-24,EU_EQUITY,115.052899,EUR
2025-06-25,EU_EQUITY,113.23013,EUR
2025-06-26,EU_EQUITY,111.555481,EUR
2025-06-27,EU_EQUITY,111.185123,EUR
2025-06-30,EU_EQUITY,112.698692,EUR
2025-07-01,EU_EQUITY,111.981296,EUR
2025-07-02,EU_EQUITY,111.890239,EUR
2025-07-03,EU_EQUITY,110.103772,EUR
2025-07-04,EU_EQUITY,109.187627,EUR
2025-07-07,EU_EQUITY,109.063188,EUR
2025-07-08,EU_EQUITY,110.644495,EUR
2025-07-09,EU_EQUITY,111.086188,EUR
2025-07-10,EU_EQUITY,113.236561,EUR
2025-07-11,EU_EQUITY,114.375546,EUR
2025-07-14,EU_EQUITY,116.126033,EUR
2025-07-15,EU_EQUITY,116.538127,EUR
2025-07-16,EU_EQUITY,115.127765,EUR
2025-07-17,EU_EQUITY,115.874392,EUR
2025-07-18,EU_EQUITY,114.687649,EUR
2025-07-21,EU_EQUITY,115.058177,EUR
2025-07-22,EU_EQUITY,115.262718,EUR
2025-07-23,EU_EQUITY,114.426592,EUR
2025-07-24,EU_EQUITY,114.407217,EUR
2025-07-25,EU_EQUITY,113.860622,EUR
2025-07-28,EU_EQUITY,113.177773,EUR
2025-07-29,EU_EQUITY,113.747233,EUR
2025-07-30,EU_EQUITY,113.247987,EUR
2025-07-31,EU_EQUITY,112.924995,EUR
2025-08-01,EU_EQUITY,112.51851,EUR
2025-08-04,EU_EQUITY,112.842307,EUR
2025-08-05,EU_EQUITY,113.804847,EUR
2025-08-06,EU_EQUITY,113.277797,EUR
2025-08-07,EU_EQUITY,114.277083,EUR
2025-08-08,EU_EQUITY,113.155514,EUR
2025-08-11,EU_EQUITY,111.946524,EUR
2025-08-12,EU_EQUITY,111.149098,EUR
2025-08-13,EU_EQUITY,110.730189,EUR
2025-08-14,EU_EQUITY,112.831438,EUR
2025-08-15,EU_EQUITY,112.491358,EUR
2025-08-18,EU_EQUITY,113.131962,EUR
2025-08-19,EU_EQUITY,113.579526,EUR
2025-08-20,EU_EQUITY,114.348454,EUR
2025-08-21,EU_EQUITY,114.67255,EUR
2025-08-22,EU_EQUITY,113.935926,EUR
2025-08-25,EU_EQUITY,113.014416,EUR
2025-08-26,EU_EQUITY,115.24474,EUR
2025-08-27,EU_EQUITY,115.927931,EUR
2025-08-28,EU_EQUITY,115.155496,EUR
2025-08-29,EU_EQUITY,114.491636,EUR
2025-09-01,EU_EQUITY,114.778337,EUR
2025-09-02,EU_EQUITY,117.290198,EUR
2025-09-03,EU_EQUITY,116.555354,EUR
2025-09-04,EU_EQUITY,116.161057,EUR
2025-09-05,EU_EQUITY,115.688483,EUR
2025-09-08,EU_EQUITY,115.569091,EUR
2025-09-09,EU_EQUITY,116.664567,EUR
2025-09-10,EU_EQUITY,115.380522,EUR
2025-09-11,EU_EQUITY,113.595031,EUR
2025-09-12,EU_EQUITY,113.996496,EUR
2025-09-15,EU_EQUITY,114.244316,EUR
2025-09-16,EU_EQUITY,113.974917,EUR
2025-09-17,EU_EQUITY,115.784306,EUR
2025-09-18,EU_EQUITY,115.302447,EUR
2025-09-19,EU_EQUITY,116.501998,EUR
2025-09-22,EU_EQUITY,114.891745,EUR
2025-09-23,EU_EQUITY,114.624335,EUR
2025-09-24,EU_EQUITY,114.177445,EUR
2025-09-25,EU_EQUITY,113.114426,EUR
2025-09-26,EU_EQUITY,113.085386,EUR
2025-09-29,EU_EQUITY,114.225881,EUR
2025-09-30,EU_EQUITY,117.112699,EUR
2025-10-01,EU_EQUITY,114.876697,EUR
2025-10-02,EU_EQUITY,113.292392,EUR
2025-10-03,EU_EQUITY,111.634472,EUR
2025-10-06,EU_EQUITY,111.950547,EUR
2025-10-07,EU_EQUITY,112.275749,EUR
2025-10-08,EU_EQUITY,114.48266,EUR
2025-10-09,EU_EQUITY,116.818185,EUR
2025-10-10,EU_EQUITY,115.772814,EUR
2025-10-13,EU_EQUITY,116.964754,EUR
2025-10-14,EU_EQUITY,117.055482,EUR
2025-10-15,EU_EQUITY,117.688975,EUR
2025-10-16,EU_EQUITY,118.170024,EUR
2025-10-17,EU_EQUITY,117.745732,EUR
2025-10-20,EU_EQUITY,115.312361,EUR
2025-10-21,EU_EQUITY,113.454277,EUR
2025-10-22,EU_EQUITY,113.521139,EUR
2025-10-23,EU_EQUITY,111.866722,EUR
2025-10-24,EU_EQUITY,111.291542,EUR
2025-10-27,EU_EQUITY,110.622361,EUR
2025-10-28,EU_EQUITY,111.238681,EUR
2025-10-29,EU_EQUITY,110.336465,EUR
2025-10-30,EU_EQUITY,109.339918,EUR
2025-10-31,EU_EQUITY,110.877841,EUR
2025-11-03,EU_EQUITY,111.524025,EUR
2025-11-04,EU_EQUITY,109.570294,EUR
2025-11-05,EU_EQUITY,108.864902,EUR
2025-11-06,EU_EQUITY,108.097958,EUR
2025-11-07,EU_EQUITY,110.29583,EUR
2025-11-10,EU_EQUITY,109.186802,EUR
2025-11-11,EU_EQUITY,108.80591,EUR
2025-11-12,EU_EQUITY,107.61946,EUR
2025-11-13,EU_EQUITY,107.626764,EUR
2025-11-14,EU_EQUITY,106.108868,EUR
2025-11-17,EU_EQUITY,107.48779,EUR
2025-11-18,EU_EQUITY,105.795925,EUR
2025-11-19,EU_EQUITY,107.230485,EUR
2025-11-20,EU_EQUITY,107.624888,EUR
2025-11-21,EU_EQUITY,108.231945,EUR
2025-11-24,EU_EQUITY,109.841713,EUR
2025-11-25,EU_EQUITY,109.205381,EUR
2025-11-26,EU_EQUITY,108.302878,EUR
2025-11-27,EU_EQUITY,109.190654,EUR
2025-11-28,EU_EQUITY,107.948482,EUR
2025-12-01,EU_EQUITY,107.98681,EUR
2025-12-02,EU_EQUITY,107.615371,EUR
2025-12-03,EU_EQUITY,109.732689,EUR
2025-12-04,EU_EQUITY,109.375623,EUR
2025-12-05,EU_EQUITY,111.320445,EUR
2025-12-08,EU_EQUITY,110.953731,EUR
2025-12-09,EU_EQUITY,112.193252,EUR
2025-12-10,EU_EQUITY,111.922907,EUR
2025-12-11,EU_EQUITY,112.183123,EUR
2025-12-12,EU_EQUITY,111.183028,EUR
2025-12-15,EU_EQUITY,110.696054,EUR
2025-12-16,EU_EQUITY,110.478219,EUR
2025-12-17,EU_EQUITY,109.953122,EUR
2025-12-18,EU_EQUITY,111.836733,EUR
2025-12-19,EU_EQUITY,111.777216,EUR
2025-12-22,EU_EQUITY,113.887658,EUR
2025-12-23,EU_EQUITY,113.993555,EUR
2025-12-24,EU_EQUITY,111.920185,EUR
2025-12-25,EU_EQUITY,111.740127,EUR
2025-12-26,EU_EQUITY,112.97688,EUR
2025-12-29,EU_EQUITY,112.931882,EUR
2025-12-30,EU_EQUITY,114.209572,EUR
2025-12-31,EU_EQUITY,115.450849,EUR
2025-01-15,US_GOV_BOND,98.75,USD
2025-01-16,US_GOV_BOND,99.07224,USD
2025-01-17,US_GOV_BOND,98.95835,USD
2025-01-20,US_GOV_BOND,98.802791,USD
2025-01-21,US_GOV_BOND,98.681006,USD
2025-01-22,US_GOV_BOND,98.297442,USD
2025-01-23,US_GOV_BOND,98.216671,USD
2025-01-24,US_GOV_BOND,97.944224,USD
2025-01-27,US_GOV_BOND,97.867658,USD
2025-01-28,US_GOV_BOND,98.194304,USD
2025-01-29,US_GOV_BOND,98.150355,USD
2025-01-30,US_GOV_BOND,98.420422,USD
2025-01-31,US_GOV_BOND,98.642461,USD
2025-02-03,US_GOV_BOND,98.456606,USD
2025-02-04,US_GOV_BOND,98.715761,USD
2025-02-05,US_GOV_BOND,99.202976,USD
2025-02-06,US_GOV_BOND,99.613115,USD
2025-02-07,US_GOV_BOND,99.312279,USD
2025-02-10,US_GOV_BOND,99.119927,USD
2025-02-11,US_GOV_BOND,99.195528,USD
2025-02-12,US_GOV_BOND,98.846071,USD
2025-02-13,US_GOV_BOND,99.484656,USD
2025-02-14,US_GOV_BOND,99.601954,USD
2025-02-17,US_GOV_BOND,99.801044,USD
2025-02-18,US_GOV_BOND,99.915418,USD
2025-02-19,US_GOV_BOND,100.339119,USD
2025-02-20,US_GOV_BOND,100.151644,USD
2025-02-21,US_GOV_BOND,100.361324,USD
2025-02-24,US_GOV_BOND,100.241133,USD
2025-02-25,US_GOV_BOND,100.239003,USD
2025-02-26,US_GOV_BOND,100.56836,USD
2025-02-27,US_GOV_BOND,100.617104,USD
2025-02-28,US_GOV_BOND,100.931226,USD
2025-03-03,US_GOV_BOND,101.140704,USD
2025-03-04,US_GOV_BOND,100.96356,USD
2025-03-05,US_GOV_BOND,100.942357,USD
2025-03-06,US_GOV_BOND,101.099811,USD
2025-03-07,US_GOV_BOND,101.309844,USD
2025-03-10,US_GOV_BOND,101.246094,USD
2025-03-11,US_GOV_BOND,101.362384,USD
2025-03-12,US_GOV_BOND,101.359577,USD
2025-03-13,US_GOV_BOND,101.530485,USD
2025-03-14,US_GOV_BOND,102.016798,USD
2025-03-17,US_GOV_BOND,101.881739,USD
2025-03-18,US_GOV_BOND,101.730516,USD
2025-03-19,US_GOV_BOND,101.110106,USD
2025-03-20,US_GOV_BOND,101.521826,USD
2025-03-21,US_GOV_BOND,101.789898,USD
2025-03-24,US_GOV_BOND,101.894914,USD
2025-03-25,US_GOV_BOND,102.088576,USD
2025-03-26,US_GOV_BOND,101.866927,USD
2025-03-27,US_GOV_BOND,101.794233,USD
2025-03-28,US_GOV_BOND,102.027891,USD
2025-03-31,US_GOV_BOND,101.938834,USD
2025-04-01,US_GOV_BOND,101.887876,USD
2025-04-02,US_GOV_BOND,102.627545,USD
2025-04-03,US_GOV_BOND,102.70292,USD
2025-04-04,US_GOV_BOND,102.362193,USD
2025-04-07,US_GOV_BOND,102.522834,USD
2025-04-08,US_GOV_BOND,102.957349,USD
2025-04-09,US_GOV_BOND,102.640207,USD
2025-04-10,US_GOV_BOND,102.635792,USD
2025-04-11,US_GOV_BOND,102.914696,USD
2025-04-14,US_GOV_BOND,103.118526,USD
2025-04-15,US_GOV_BOND,103.193983,USD
2025-04-16,US_GOV_BOND,102.991037,USD
2025-04-17,US_GOV_BOND,103.253513,USD
2025-04-18,US_GOV_BOND,103.322152,USD
2025-04-21,US_GOV_BOND,103.342771,USD
2025-04-22,US_GOV_BOND,103.697245,USD
2025-04-23,US_GOV_BOND,103.481737,USD
2025-04-24,US_GOV_BOND,103.999695,USD
2025-04-25,US_GOV_BOND,104.620331,USD
2025-04-28,US_GOV_BOND,104.614703,USD
2025-04-29,US_GOV_BOND,104.781715,USD
2025-04-30,US_GOV_BOND,104.296865,USD
2025-05-01,US_GOV_BOND,104.122635,USD
2025-05-02,US_GOV_BOND,104.924733,USD
2025-05-05,US_GOV_BOND,105.22093,USD
2025-05-06,US_GOV_BOND,105.161575,USD
2025-05-07,US_GOV_BOND,105.548337,USD
2025-05-08,US_GOV_BOND,105.34588,USD
2025-05-09,US_GOV_BOND,105.301564,USD
2025-05-12,US_GOV_BOND,105.847436,USD
2025-05-13,US_GOV_BOND,105.88975,USD
2025-05-14,US_GOV_BOND,105.940199,USD
2025-05-15,US_GOV_BOND,106.269295,USD
2025-05-16,US_GOV_BOND,106.735835,USD
2025-05-19,US_GOV_BOND,106.825706,USD
2025-05-20,US_GOV_BOND,107.110085,USD
2025-05-21,US_GOV_BOND,107.332048,USD
2025-05-22,US_GOV_BOND,107.178239,USD
2025-05-23,US_GOV_BOND,106.749898,USD
2025-05-26,US_GOV_BOND,106.100533,USD
2025-05-27,US_GOV_BOND,106.116546,USD
2025-05-28,US_GOV_BOND,106.608573,USD
2025-05-29,US_GOV_BOND,106.900442,USD
2025-05-30,US_GOV_BOND,106.432158,USD
2025-06-02,US_GOV_BOND,106.579853,USD
2025-06-03,US_GOV_BOND,106.309673,USD
2025-06-04,US_GOV_BOND,106.343749,USD
2025-06-05,US_GOV_BOND,106.563,USD
2025-06-06,US_GOV_BOND,106.390476,USD
2025-06-09,US_GOV_BOND,106.843214,USD
2025-06-10,US_GOV_BOND,106.818482,USD
2025-06-11,US_GOV_BOND,106.653267,USD
2025-06-12,US_GOV_BOND,106.473301,USD
2025-06-13,US_GOV_BOND,106.441883,USD
2025-06-16,US_GOV_BOND,105.835904,USD
2025-06-17,US_GOV_BOND,105.36614,USD
2025-06-18,US_GOV_BOND,105.407059,USD
2025-06-19,US_GOV_BOND,105.702213,USD
2025-06-20,US_GOV_BOND,105.782104,USD
2025-06-23,US_GOV_BOND,106.059739,USD
2025-06-24,US_GOV_BOND,105.572356,USD
2025-06-25,US_GOV_BOND,105.347476,USD
2025-06-26,US_GOV_BOND,105.640144,USD
2025-06-27,US_GOV_BOND,105.836775,USD
2025-06-30,US_GOV_BOND,105.80378,USD
2025-07-01,US_GOV_BOND,105.544481,USD
2025-07-02,US_GOV_BOND,105.554976,USD
2025-07-03,US_GOV_BOND,104.753014,USD
2025-07-04,US_GOV_BOND,104.750801,USD
2025-07-07,US_GOV_BOND,105.261529,USD
2025-07-08,US_GOV_BOND,105.061148,USD
2025-07-09,US_GOV_BOND,105.151853,USD
2025-07-10,US_GOV_BOND,104.931032,USD
2025-07-11,US_GOV_BOND,105.437918,USD
2025-07-14,US_GOV_BOND,105.267071,USD
2025-07-15,US_GOV_BOND,105.050848,USD
2025-07-16,US_GOV_BOND,105.246699,USD
2025-07-17,US_GOV_BOND,104.640564,USD
2025-07-18,US_GOV_BOND,105.071463,USD
2025-07-21,US_GOV_BOND,105.047791,USD
2025-07-22,US_GOV_BOND,104.690965,USD
2025-07-23,US_GOV_BOND,104.62292,USD
2025-07-24,US_GOV_BOND,105.531395,USD
2025-07-25,US_GOV_BOND,105.993951,USD
2025-07-28,US_GOV_BOND,106.064988,USD
2025-07-29,US_GOV_BOND,105.981747,USD
2025-07-30,US_GOV_BOND,106.318478,USD
2025-07-31,US_GOV_BOND,106.713294,USD
2025-08-01,US_GOV_BOND,106.456847,USD
2025-08-04,US_GOV_BOND,106.336063,USD
2025-08-05,US_GOV_BOND,106.275606,USD
2025-08-06,US_GOV_BOND,106.881446,USD
2025-08-07,US_GOV_BOND,106.696405,USD
2025-08-08,US_GOV_BOND,107.312445,USD
2025-08-11,US_GOV_BOND,107.117599,USD
2025-08-12,US_GOV_BOND,107.188442,USD
2025-08-13,US_GOV_BOND,107.14877,USD
2025-08-14,US_GOV_BOND,107.565077,USD
2025-08-15,US_GOV_BOND,107.042586,USD
2025-08-18,US_GOV_BOND,107.044403,USD
2025-08-19,US_GOV_BOND,106.612634,USD
2025-08-20,US_GOV_BOND,106.355766,USD
2025-08-21,US_GOV_BOND,106.780231,USD
2025-08-22,US_GOV_BOND,106.604174,USD
2025-08-25,US_GOV_BOND,106.324929,USD
2025-08-26,US_GOV_BOND,106.201781,USD
2025-08-27,US_GOV_BOND,106.548648,USD
2025-08-28,US_GOV_BOND,106.354123,USD
2025-08-29,US_GOV_BOND,106.371715,USD
2025-09-01,US_GOV_BOND,105.964967,USD
2025-09-02,US_GOV_BOND,106.069352,USD
2025-09-03,US_GOV_BOND,105.93739,USD
2025-09-04,US_GOV_BOND,105.761519,USD
2025-09-05,US_GOV_BOND,105.640644,USD
2025-09-08,US_GOV_BOND,106.45007,USD
2025-09-09,US_GOV_BOND,106.779403,USD
2025-09-10,US_GOV_BOND,106.971155,USD
2025-09-11,US_GOV_BOND,107.045459,USD
2025-09-12,US_GOV_BOND,107.040323,USD
2025-09-15,US_GOV_BOND,106.556931,USD
2025-09-16,US_GOV_BOND,107.024151,USD
2025-09-17,US_GOV_BOND,107.146462,USD
2025-09-18,US_GOV_BOND,107.391252,USD
2025-09-19,US_GOV_BOND,107.097686,USD
2025-09-22,US_GOV_BOND,107.4953,USD
2025-09-23,US_GOV_BOND,107.501318,USD
2025-09-24,US_GOV_BOND,107.87452,USD
2025-09-25,US_GOV_BOND,107.922513,USD
2025-09-26,US_GOV_BOND,107.6718,USD
2025-09-29,US_GOV_BOND,107.619212,USD
2025-09-30,US_GOV_BOND,107.509475,USD
2025-10-01,US_GOV_BOND,107.462523,USD
2025-10-02,US_GOV_BOND,108.16191,USD
2025-10-03,US_GOV_BOND,108.646382,USD
2025-10-06,US_GOV_BOND,108.115885,USD
2025-10-07,US_GOV_BOND,108.561137,USD
2025-10-08,US_GOV_BOND,108.480034,USD
2025-10-09,US_GOV_BOND,108.245745,USD
2025-10-10,US_GOV_BOND,108.081676,USD
2025-10-13,US_GOV_BOND,107.657147,USD
2025-10-14,US_GOV_BOND,107.944341,USD
2025-10-15,US_GOV_BOND,108.472573,USD
2025-10-16,US_GOV_BOND,108.166766,USD
2025-10-17,US_GOV_BOND,108.206611,USD
2025-10-20,US_GOV_BOND,108.58596,USD
2025-10-21,US_GOV_BOND,108.817524,USD
2025-10-22,US_GOV_BOND,109.071089,USD
2025-10-23,US_GOV_BOND,109.19159,USD
2025-10-24,US_GOV_BOND,108.475527,USD
2025-10-27,US_GOV_BOND,108.252134,USD
2025-10-28,US_GOV_BOND,108.009014,USD
2025-10-29,US_GOV_BOND,108.01301,USD
2025-10-30,US_GOV_BOND,108.11559,USD
2025-10-31,US_GOV_BOND,107.719551,USD
2025-11-03,US_GOV_BOND,107.744524,USD
2025-11-04,US_GOV_BOND,107.612857,USD
2025-11-05,US_GOV_BOND,107.976769,USD
2025-11-06,US_GOV_BOND,107.303294,USD
2025-11-07,US_GOV_BOND,106.912527,USD
2025-11-10,US_GOV_BOND,106.808784,USD
2025-11-11,US_GOV_BOND,107.389973,USD
2025-11-12,US_GOV_BOND,107.369754,USD
2025-11-13,US_GOV_BOND,107.635909,USD
2025-11-14,US_GOV_BOND,108.299147,USD
2025-11-17,US_GOV_BOND,108.528772,USD
2025-11-18,US_GOV_BOND,108.719192,USD
2025-11-19,US_GOV_BOND,108.726094,USD
2025-11-20,US_GOV_BOND,108.740985,USD
2025-11-21,US_GOV_BOND,108.634882,USD
2025-11-24,US_GOV_BOND,108.765731,USD
2025-11-25,US_GOV_BOND,108.976141,USD
2025-11-26,US_GOV_BOND,109.335014,USD
2025-11-27,US_GOV_BOND,108.887628,USD
2025-11-28,US_GOV_BOND,109.410466,USD
2025-12-01,US_GOV_BOND,109.737313,USD
2025-12-02,US_GOV_BOND,109.163032,USD
2025-12-03,US_GOV_BOND,109.016884,USD
2025-12-04,US_GOV_BOND,108.619947,USD
2025-12-05,US_GOV_BOND,108.480069,USD
2025-12-08,US_GOV_BOND,109.135383,USD
2025-12-09,US_GOV_BOND,108.739061,USD
2025-12-10,US_GOV_BOND,109.736915,USD
2025-12-11,US_GOV_BOND,109.413868,USD
2025-12-12,US_GOV_BOND,109.113643,USD
2025-12-15,US_GOV_BOND,108.97773,USD
2025-12-16,US_GOV_BOND,108.848216,USD
2025-12-17,US_GOV_BOND,109.232631,USD
2025-12-18,US_GOV_BOND,109.681436,USD
2025-12-19,US_GOV_BOND,109.86544,USD
2025-12-22,US_GOV_BOND,110.623872,USD
2025-12-23,US_GOV_BOND,110.619648,USD
2025-12-24,US_GOV_BOND,110.633032,USD
2025-12-25,US_GOV_BOND,111.352992,USD
2025-12-26,US_GOV_BOND,111.160218,USD
2025-12-29,US_GOV_BOND,111.211415,USD
2025-12-30,US_GOV_BOND,111.300162,USD
2025-12-31,US_GOV_BOND,111.026509,USD
2025-01-15,US_IG_CORP_BOND,102.3,USD
2025-01-16,US_IG_CORP_BOND,102.746765,USD
2025-01-17,US_IG_CORP_BOND,103.072516,USD
2025-01-20,US_IG_CORP_BOND,102.556622,USD
2025-01-21,US_IG_CORP_BOND,102.744364,USD
2025-01-22,US_IG_CORP_BOND,102.182334,USD
2025-01-23,US_IG_CORP_BOND,102.083134,USD
2025-01-24,US_IG_CORP_BOND,102.001944,USD
2025-01-27,US_IG_CORP_BOND,101.624845,USD
2025-01-28,US_IG_CORP_BOND,102.464682,USD
2025-01-29,US_IG_CORP_BOND,102.224627,USD
2025-01-30,US_IG_CORP_BOND,102.728653,USD
2025-01-31,US_IG_CORP_BOND,102.983861,USD
2025-02-03,US_IG_CORP_BOND,103.220072,USD
2025-02-04,US_IG_CORP_BOND,103.326905,USD
2025-02-05,US_IG_CORP_BOND,103.644031,USD
2025-02-06,US_IG_CORP_BOND,104.468045,USD
2025-02-07,US_IG_CORP_BOND,104.631506,USD
2025-02-10,US_IG_CORP_BOND,104.374298,USD
2025-02-11,US_IG_CORP_BOND,104.446348,USD
2025-02-12,US_IG_CORP_BOND,105.023153,USD
2025-02-13,US_IG_CORP_BOND,105.862348,USD
2025-02-14,US_IG_CORP_BOND,105.976769,USD
2025-02-17,US_IG_CORP_BOND,106.0252,USD
2025-02-18,US_IG_CORP_BOND,106.737191,USD
2025-02-19,US_IG_CORP_BOND,107.000002,USD
2025-02-20,US_IG_CORP_BOND,106.83156,USD
2025-02-21,US_IG_CORP_BOND,106.703978,USD
2025-02-24,US_IG_CORP_BOND,105.863779,USD
2025-02-25,US_IG_CORP_BOND,105.741176,USD
2025-02-26,US_IG_CORP_BOND,105.948825,USD
2025-02-27,US_IG_CORP_BOND,106.002526,USD
2025-02-28,US_IG_CORP_BOND,105.844514,USD
2025-03-03,US_IG_CORP_BOND,105.420446,USD
2025-03-04,US_IG_CORP_BOND,105.142981,USD
2025-03-05,US_IG_CORP_BOND,106.25714,USD
2025-03-06,US_IG_CORP_BOND,106.709825,USD
2025-03-07,US_IG_CORP_BOND,106.566702,USD
2025-03-10,US_IG_CORP_BOND,107.175576,USD
2025-03-11,US_IG_CORP_BOND,107.3464,USD
2025-03-12,US_IG_CORP_BOND,107.162785,USD
2025-03-13,US_IG_CORP_BOND,107.309439,USD
2025-03-14,US_IG_CORP_BOND,107.053889,USD
2025-03-17,US_IG_CORP_BOND,107.654088,USD
2025-03-18,US_IG_CORP_BOND,108.370119,USD
2025-03-19,US_IG_CORP_BOND,107.508236,USD
2025-03-20,US_IG_CORP_BOND,108.264497,USD
2025-03-21,US_IG_CORP_BOND,107.958518,USD
2025-03-24,US_IG_CORP_BOND,107.847746,USD
2025-03-25,US_IG_CORP_BOND,108.360532,USD
2025-03-26,US_IG_CORP_BOND,108.73521,USD
2025-03-27,US_IG_CORP_BOND,108.670254,USD
2025-03-28,US_IG_CORP_BOND,108.514966,USD
2025-03-31,US_IG_CORP_BOND,108.558592,USD
2025-04-01,US_IG_CORP_BOND,107.25782,USD
2025-04-02,US_IG_CORP_BOND,107.487478,USD
2025-04-03,US_IG_CORP_BOND,107.819976,USD
2025-04-04,US_IG_CORP_BOND,107.521716,USD
2025-04-07,US_IG_CORP_BOND,107.800535,USD
2025-04-08,US_IG_CORP_BOND,108.517783,USD
2025-04-09,US_IG_CORP_BOND,108.287234,USD
2025-04-10,US_IG_CORP_BOND,108.637858,USD
2025-04-11,US_IG_CORP_BOND,107.865456,USD
2025-04-14,US_IG_CORP_BOND,107.977463,USD
2025-04-15,US_IG_CORP_BOND,107.903595,USD
2025-04-16,US_IG_CORP_BOND,107.333191,USD
2025-04-17,US_IG_CORP_BOND,107.512611,USD
2025-04-18,US_IG_CORP_BOND,108.381542,USD
2025-04-21,US_IG_CORP_BOND,108.527188,USD
2025-04-22,US_IG_CORP_BOND,108.805174,USD
2025-04-23,US_IG_CORP_BOND,108.601352,USD
2025-04-24,US_IG_CORP_BOND,108.525894,USD
2025-04-25,US_IG_CORP_BOND,108.893628,USD
2025-04-28,US_IG_CORP_BOND,108.666938,USD
2025-04-29,US_IG_CORP_BOND,108.703463,USD
2025-04-30,US_IG_CORP_BOND,108.441784,USD
2025-05-01,US_IG_CORP_BOND,107.873207,USD
2025-05-02,US_IG_CORP_BOND,108.441819,USD
2025-05-05,US_IG_CORP_BOND,108.964919,USD
2025-05-06,US_IG_CORP_BOND,108.807864,USD
2025-05-07,US_IG_CORP_BOND,108.703926,USD
2025-05-08,US_IG_CORP_BOND,108.32592,USD
2025-05-09,US_IG_CORP_BOND,108.072032,USD
2025-05-12,US_IG_CORP_BOND,107.720788,USD
2025-05-13,US_IG_CORP_BOND,107.631407,USD
2025-05-14,US_IG_CORP_BOND,107.233007,USD
2025-05-15,US_IG_CORP_BOND,107.58708,USD
2025-05-16,US_IG_CORP_BOND,107.339447,USD
2025-05-19,US_IG_CORP_BOND,106.763217,USD
2025-05-20,US_IG_CORP_BOND,107.219551,USD
2025-05-21,US_IG_CORP_BOND,106.71935,USD
2025-05-22,US_IG_CORP_BOND,106.310046,USD
2025-05-23,US_IG_CORP_BOND,105.956037,USD
2025-05-26,US_IG_CORP_BOND,105.728006,USD
2025-05-27,US_IG_CORP_BOND,106.008407,USD
2025-05-28,US_IG_CORP_BOND,106.626756,USD
2025-05-29,US_IG_CORP_BOND,107.523764,USD
2025-05-30,US_IG_CORP_BOND,106.845601,USD
2025-06-02,US_IG_CORP_BOND,106.919711,USD
2025-06-03,US_IG_CORP_BOND,106.839995,USD
2025-06-04,US_IG_CORP_BOND,107.344537,USD
2025-06-05,US_IG_CORP_BOND,107.094587,USD
2025-06-06,US_IG_CORP_BOND,106.605818,USD
2025-06-09,US_IG_CORP_BOND,107.34079,USD
2025-06-10,US_IG_CORP_BOND,107.297324,USD
2025-06-11,US_IG_CORP_BOND,107.254365,USD
2025-06-12,US_IG_CORP_BOND,107.545972,USD
2025-06-13,US_IG_CORP_BOND,107.33826,USD
2025-06-16,US_IG_CORP_BOND,106.997715,USD
2025-06-17,US_IG_CORP_BOND,106.698809,USD
2025-06-18,US_IG_CORP_BOND,107.46916,USD
2025-06-19,US_IG_CORP_BOND,107.183548,USD
2025-06-20,US_IG_CORP_BOND,107.705152,USD
2025-06-23,US_IG_CORP_BOND,107.898246,USD
2025-06-24,US_IG_CORP_BOND,107.864982,USD
2025-06-25,US_IG_CORP_BOND,107.890241,USD
2025-06-26,US_IG_CORP_BOND,107.967148,USD
2025-06-27,US_IG_CORP_BOND,108.363861,USD
2025-06-30,US_IG_CORP_BOND,108.518378,USD
2025-07-01,US_IG_CORP_BOND,107.582572,USD
2025-07-02,US_IG_CORP_BOND,107.514505,USD
2025-07-03,US_IG_CORP_BOND,107.021804,USD
2025-07-04,US_IG_CORP_BOND,106.776988,USD
2025-07-07,US_IG_CORP_BOND,107.18962,USD
2025-07-08,US_IG_CORP_BOND,106.955581,USD
2025-07-09,US_IG_CORP_BOND,106.415828,USD
2025-07-10,US_IG_CORP_BOND,106.865087,USD
2025-07-11,US_IG_CORP_BOND,106.822251,USD
2025-07-14,US_IG_CORP_BOND,107.311427,USD
2025-07-15,US_IG_CORP_BOND,106.967188,USD
2025-07-16,US_IG_CORP_BOND,106.390139,USD
2025-07-17,US_IG_CORP_BOND,106.131052,USD
2025-07-18,US_IG_CORP_BOND,106.73356,USD
2025-07-21,US_IG_CORP_BOND,106.865792,USD
2025-07-22,US_IG_CORP_BOND,106.090409,USD
2025-07-23,US_IG_CORP_BOND,105.921822,USD
2025-07-24,US_IG_CORP_BOND,107.961937,USD
2025-07-25,US_IG_CORP_BOND,108.589675,USD
2025-07-28,US_IG_CORP_BOND,108.17332,USD
2025-07-29,US_IG_CORP_BOND,108.080525,USD
2025-07-30,US_IG_CORP_BOND,108.663279,USD
2025-07-31,US_IG_CORP_BOND,108.476946,USD
2025-08-01,US_IG_CORP_BOND,108.49255,USD
2025-08-04,US_IG_CORP_BOND,108.26519,USD
2025-08-05,US_IG_CORP_BOND,108.083973,USD
2025-08-06,US_IG_CORP_BOND,108.551872,USD
2025-08-07,US_IG_CORP_BOND,108.604092,USD
2025-08-08,US_IG_CORP_BOND,109.782705,USD
2025-08-11,US_IG_CORP_BOND,109.297536,USD
2025-08-12,US_IG_CORP_BOND,109.435398,USD
2025-08-13,US_IG_CORP_BOND,109.520273,USD
2025-08-14,US_IG_CORP_BOND,110.510445,USD
2025-08-15,US_IG_CORP_BOND,109.970618,USD
2025-08-18,US_IG_CORP_BOND,110.026852,USD
2025-08-19,US_IG_CORP_BOND,110.856486,USD
2025-08-20,US_IG_CORP_BOND,110.670783,USD
2025-08-21,US_IG_CORP_BOND,111.461454,USD
2025-08-22,US_IG_CORP_BOND,111.388109,USD
2025-08-25,US_IG_CORP_BOND,110.950292,USD
2025-08-26,US_IG_CORP_BOND,110.32088,USD
2025-08-27,US_IG_CORP_BOND,110.517405,USD
2025-08-28,US_IG_CORP_BOND,110.91226,USD
2025-08-29,US_IG_CORP_BOND,111.698362,USD
2025-09-01,US_IG_CORP_BOND,111.878197,USD
2025-09-02,US_IG_CORP_BOND,112.260027,USD
2025-09-03,US_IG_CORP_BOND,112.13987,USD
2025-09-04,US_IG_CORP_BOND,111.658759,USD
2025-09-05,US_IG_CORP_BOND,111.233731,USD
2025-09-08,US_IG_CORP_BOND,112.070722,USD
2025-09-09,US_IG_CORP_BOND,112.473783,USD
2025-09-10,US_IG_CORP_BOND,112.686858,USD
2025-09-11,US_IG_CORP_BOND,111.958593,USD
2025-09-12,US_IG_CORP_BOND,112.329454,USD
2025-09-15,US_IG_CORP_BOND,111.979173,USD
2025-09-16,US_IG_CORP_BOND,112.025684,USD
2025-09-17,US_IG_CORP_BOND,112.153822,USD
2025-09-18,US_IG_CORP_BOND,112.013233,USD
2025-09-19,US_IG_CORP_BOND,112.049992,USD
2025-09-22,US_IG_CORP_BOND,112.554565,USD
2025-09-23,US_IG_CORP_BOND,112.202085,USD
2025-09-24,US_IG_CORP_BOND,112.538453,USD
2025-09-25,US_IG_CORP_BOND,112.000999,USD
2025-09-26,US_IG_CORP_BOND,111.515079,USD
2025-09-29,US_IG_CORP_BOND,112.063184,USD
2025-09-30,US_IG_CORP_BOND,112.120061,USD
2025-10-01,US_IG_CORP_BOND,111.771884,USD
2025-10-02,US_IG_CORP_BOND,111.8482,USD
2025-10-03,US_IG_CORP_BOND,111.48832,USD
2025-10-06,US_IG_CORP_BOND,111.349949,USD
2025-10-07,US_IG_CORP_BOND,112.236469,USD
2025-10-08,US_IG_CORP_BOND,112.762003,USD
2025-10-09,US_IG_CORP_BOND,112.841272,USD
2025-10-10,US_IG_CORP_BOND,112.404621,USD
2025-10-13,US_IG_CORP_BOND,111.931691,USD
2025-10-14,US_IG_CORP_BOND,111.888816,USD
2025-10-15,US_IG_CORP_BOND,112.744916,USD
2025-10-16,US_IG_CORP_BOND,112.267383,USD
2025-10-17,US_IG_CORP_BOND,112.231598,USD
2025-10-20,US_IG_CORP_BOND,112.857893,USD
2025-10-21,US_IG_CORP_BOND,112.692383,USD
2025-10-22,US_IG_CORP_BOND,112.137198,USD
2025-10-23,US_IG_CORP_BOND,112.218432,USD
2025-10-24,US_IG_CORP_BOND,111.323133,USD
2025-10-27,US_IG_CORP_BOND,110.302208,USD
2025-10-28,US_IG_CORP_BOND,110.311453,USD
2025-10-29,US_IG_CORP_BOND,110.386016,USD
2025-10-30,US_IG_CORP_BOND,110.868785,USD
2025-10-31,US_IG_CORP_BOND,110.412212,USD
2025-11-03,US_IG_CORP_BOND,110.501297,USD
2025-11-04,US_IG_CORP_BOND,109.268895,USD
2025-11-05,US_IG_CORP_BOND,109.146161,USD
2025-11-06,US_IG_CORP_BOND,109.048982,USD
2025-11-07,US_IG_CORP_BOND,108.689278,USD
2025-11-10,US_IG_CORP_BOND,108.005101,USD
2025-11-11,US_IG_CORP_BOND,108.545009,USD
2025-11-12,US_IG_CORP_BOND,108.198009,USD
2025-11-13,US_IG_CORP_BOND,108.56226,USD
2025-11-14,US_IG_CORP_BOND,109.316213,USD
2025-11-17,US_IG_CORP_BOND,110.648591,USD
2025-11-18,US_IG_CORP_BOND,111.218676,USD
2025-11-19,US_IG_CORP_BOND,112.369241,USD
2025-11-20,US_IG_CORP_BOND,111.667862,USD
2025-11-21,US_IG_CORP_BOND,111.575976,USD
2025-11-24,US_IG_CORP_BOND,111.871251,USD
2025-11-25,US_IG_CORP_BOND,112.309736,USD
2025-11-26,US_IG_CORP_BOND,111.989996,USD
2025-11-27,US_IG_CORP_BOND,111.44157,USD
2025-11-28,US_IG_CORP_BOND,111.843637,USD
2025-12-01,US_IG_CORP_BOND,112.700818,USD
2025-12-02,US_IG_CORP_BOND,112.182835,USD
2025-12-03,US_IG_CORP_BOND,111.947486,USD
2025-12-04,US_IG_CORP_BOND,112.504278,USD
2025-12-05,US_IG_CORP_BOND,113.231143,USD
2025-12-08,US_IG_CORP_BOND,113.944643,USD
2025-12-09,US_IG_CORP_BOND,113.840072,USD
2025-12-10,US_IG_CORP_BOND,115.021509,USD
2025-12-11,US_IG_CORP_BOND,114.968661,USD
2025-12-12,US_IG_CORP_BOND,114.67204,USD
2025-12-15,US_IG_CORP_BOND,114.295195,USD
2025-12-16,US_IG_CORP_BOND,114.072812,USD
2025-12-17,US_IG_CORP_BOND,114.543332,USD
2025-12-18,US_IG_CORP_BOND,115.351081,USD
2025-12-19,US_IG_CORP_BOND,115.35674,USD
2025-12-22,US_IG_CORP_BOND,116.477193,USD
2025-12-23,US_IG_CORP_BOND,116.784086,USD
2025-12-24,US_IG_CORP_BOND,116.174016,USD
2025-12-25,US_IG_CORP_BOND,116.766277,USD
2025-12-26,US_IG_CORP_BOND,116.713777,USD
2025-12-29,US_IG_CORP_BOND,117.253204,USD
2025-12-30,US_IG_CORP_BOND,118.007714,USD
2025-12-31,US_IG_CORP_BOND,118.347362,USD
2025-01-15,US_HIGH_YIELD_BOND,95.6,USD
2025-01-16,US_HIGH_YIELD_BOND,94.735497,USD
2025-01-17,US_HIGH_YIELD_BOND,95.48894,USD
2025-01-20,US_HIGH_YIELD_BOND,95.21789,USD
2025-01-21,US_HIGH_YIELD_BOND,95.559051,USD
2025-01-22,US_HIGH_YIELD_BOND,94.29558,USD
2025-01-23,US_HIGH_YIELD_BOND,94.278515,USD
2025-01-24,US_HIGH_YIELD_BOND,94.739826,USD
2025-01-27,US_HIGH_YIELD_BOND,94.286452,USD
2025-01-28,US_HIGH_YIELD_BOND,94.580896,USD
2025-01-29,US_HIGH_YIELD_BOND,93.917005,USD
2025-01-30,US_HIGH_YIELD_BOND,94.928383,USD
2025-01-31,US_HIGH_YIELD_BOND,94.931126,USD
2025-02-03,US_HIGH_YIELD_BOND,95.808295,USD
2025-02-04,US_HIGH_YIELD_BOND,95.446655,USD
2025-02-05,US_HIGH_YIELD_BOND,95.459439,USD
2025-02-06,US_HIGH_YIELD_BOND,95.385761,USD
2025-02-07,US_HIGH_YIELD_BOND,95.575434,USD
2025-02-10,US_HIGH_YIELD_BOND,95.891738,USD
2025-02-11,US_HIGH_YIELD_BOND,95.324133,USD
2025-02-12,US_HIGH_YIELD_BOND,96.051446,USD
2025-02-13,US_HIGH_YIELD_BOND,96.652439,USD
2025-02-14,US_HIGH_YIELD_BOND,96.44718,USD
2025-02-17,US_HIGH_YIELD_BOND,96.452688,USD
2025-02-18,US_HIGH_YIELD_BOND,97.139215,USD
2025-02-19,US_HIGH_YIELD_BOND,97.446069,USD
2025-02-20,US_HIGH_YIELD_BOND,97.457236,USD
2025-02-21,US_HIGH_YIELD_BOND,97.646916,USD
2025-02-24,US_HIGH_YIELD_BOND,97.347735,USD
2025-02-25,US_HIGH_YIELD_BOND,97.151025,USD
2025-02-26,US_HIGH_YIELD_BOND,96.482733,USD
2025-02-27,US_HIGH_YIELD_BOND,95.936753,USD
2025-02-28,US_HIGH_YIELD_BOND,95.717274,USD
2025-03-03,US_HIGH_YIELD_BOND,94.530729,USD
2025-03-04,US_HIGH_YIELD_BOND,94.05782,USD
2025-03-05,US_HIGH_YIELD_BOND,94.492368,USD
2025-03-06,US_HIGH_YIELD_BOND,94.16239,USD
2025-03-07,US_HIGH_YIELD_BOND,93.636453,USD
2025-03-10,US_HIGH_YIELD_BOND,94.260672,USD
2025-03-11,US_HIGH_YIELD_BOND,94.059678,USD
2025-03-12,US_HIGH_YIELD_BOND,92.800563,USD
2025-03-13,US_HIGH_YIELD_BOND,91.933387,USD
2025-03-14,US_HIGH_YIELD_BOND,92.020015,USD
2025-03-17,US_HIGH_YIELD_BOND,91.632046,USD
2025-03-18,US_HIGH_YIELD_BOND,92.243675,USD
2025-03-19,US_HIGH_YIELD_BOND,91.958114,USD
2025-03-20,US_HIGH_YIELD_BOND,92.251241,USD
2025-03-21,US_HIGH_YIELD_BOND,90.748857,USD
2025-03-24,US_HIGH_YIELD_BOND,90.530344,USD
2025-03-25,US_HIGH_YIELD_BOND,89.939192,USD
2025-03-26,US_HIGH_YIELD_BOND,90.75986,USD
2025-03-27,US_HIGH_YIELD_BOND,91.170663,USD
2025-03-28,US_HIGH_YIELD_BOND,91.19595,USD
2025-03-31,US_HIGH_YIELD_BOND,91.643976,USD
2025-04-01,US_HIGH_YIELD_BOND,91.286744,USD
2025-04-02,US_HIGH_YIELD_BOND,90.319513,USD
2025-04-03,US_HIGH_YIELD_BOND,90.159046,USD
2025-04-04,US_HIGH_YIELD_BOND,90.25398,USD
2025-04-07,US_HIGH_YIELD_BOND,90.462686,USD
2025-04-08,US_HIGH_YIELD_BOND,90.990598,USD
2025-04-09,US_HIGH_YIELD_BOND,90.926899,USD
2025-04-10,US_HIGH_YIELD_BOND,90.838948,USD
2025-04-11,US_HIGH_YIELD_BOND,89.948163,USD
2025-04-14,US_HIGH_YIELD_BOND,89.591518,USD
2025-04-15,US_HIGH_YIELD_BOND,88.638901,USD
2025-04-16,US_HIGH_YIELD_BOND,88.708965,USD
2025-04-17,US_HIGH_YIELD_BOND,89.082412,USD
2025-04-18,US_HIGH_YIELD_BOND,90.08184,USD
2025-04-21,US_HIGH_YIELD_BOND,90.716548,USD
2025-04-22,US_HIGH_YIELD_BOND,90.486049,USD
2025-04-23,US_HIGH_YIELD_BOND,90.345495,USD
2025-04-24,US_HIGH_YIELD_BOND,90.044535,USD
2025-04-25,US_HIGH_YIELD_BOND,91.022243,USD
2025-04-28,US_HIGH_YIELD_BOND,91.164289,USD
2025-04-29,US_HIGH_YIELD_BOND,91.48723,USD
2025-04-30,US_HIGH_YIELD_BOND,91.803555,USD
2025-05-01,US_HIGH_YIELD_BOND,92.342592,USD
2025-05-02,US_HIGH_YIELD_BOND,93.220935,USD
2025-05-05,US_HIGH_YIELD_BOND,93.848954,USD
2025-05-06,US_HIGH_YIELD_BOND,93.560705,USD
2025-05-07,US_HIGH_YIELD_BOND,92.55062,USD
2025-05-08,US_HIGH_YIELD_BOND,92.73556,USD
2025-05-09,US_HIGH_YIELD_BOND,92.870894,USD
2025-05-12,US_HIGH_YIELD_BOND,92.223265,USD
2025-05-13,US_HIGH_YIELD_BOND,93.624077,USD
2025-05-14,US_HIGH_YIELD_BOND,94.513426,USD
2025-05-15,US_HIGH_YIELD_BOND,93.996626,USD
2025-05-16,US_HIGH_YIELD_BOND,93.933302,USD
2025-05-19,US_HIGH_YIELD_BOND,93.559654,USD
2025-05-20,US_HIGH_YIELD_BOND,93.558512,USD
2025-05-21,US_HIGH_YIELD_BOND,94.346429,USD
2025-05-22,US_HIGH_YIELD_BOND,93.74348,USD
2025-05-23,US_HIGH_YIELD_BOND,94.113538,USD
2025-05-26,US_HIGH_YIELD_BOND,93.894518,USD
2025-05-27,US_HIGH_YIELD_BOND,94.632445,USD
2025-05-28,US_HIGH_YIELD_BOND,94.666598,USD
2025-05-29,US_HIGH_YIELD_BOND,94.593086,USD
2025-05-30,US_HIGH_YIELD_BOND,95.023018,USD
2025-06-02,US_HIGH_YIELD_BOND,94.843338,USD
2025-06-03,US_HIGH_YIELD_BOND,94.806389,USD
2025-06-04,US_HIGH_YIELD_BOND,95.745938,USD
2025-06-05,US_HIGH_YIELD_BOND,95.931349,USD
2025-06-06,US_HIGH_YIELD_BOND,95.529126,USD
2025-06-09,US_HIGH_YIELD_BOND,96.249141,USD
2025-06-10,US_HIGH_YIELD_BOND,96.593469,USD
2025-06-11,US_HIGH_YIELD_BOND,96.985992,USD
2025-06-12,US_HIGH_YIELD_BOND,96.015136,USD
2025-06-13,US_HIGH_YIELD_BOND,96.822523,USD
2025-06-16,US_HIGH_YIELD_BOND,97.767221,USD
2025-06-17,US_HIGH_YIELD_BOND,98.251663,USD
2025-06-18,US_HIGH_YIELD_BOND,98.669891,USD
2025-06-19,US_HIGH_YIELD_BOND,97.954437,USD
2025-06-20,US_HIGH_YIELD_BOND,98.404939,USD
2025-06-23,US_HIGH_YIELD_BOND,98.162839,USD
2025-06-24,US_HIGH_YIELD_BOND,98.445605,USD
2025-06-25,US_HIGH_YIELD_BOND,98.385962,USD
2025-06-26,US_HIGH_YIELD_BOND,98.499842,USD
2025-06-27,US_HIGH_YIELD_BOND,98.612529,USD
2025-06-30,US_HIGH_YIELD_BOND,97.883403,USD
2025-07-01,US_HIGH_YIELD_BOND,97.255125,USD
2025-07-02,US_HIGH_YIELD_BOND,98.141803,USD
2025-07-03,US_HIGH_YIELD_BOND,96.497304,USD
2025-07-04,US_HIGH_YIELD_BOND,95.556044,USD
2025-07-07,US_HIGH_YIELD_BOND,94.94435,USD
2025-07-08,US_HIGH_YIELD_BOND,95.657145,USD
2025-07-09,US_HIGH_YIELD_BOND,95.90193,USD
2025-07-10,US_HIGH_YIELD_BOND,96.871426,USD
2025-07-11,US_HIGH_YIELD_BOND,98.130948,USD
2025-07-14,US_HIGH_YIELD_BOND,99.109385,USD
2025-07-15,US_HIGH_YIELD_BOND,99.153636,USD
2025-07-16,US_HIGH_YIELD_BOND,97.173897,USD
2025-07-17,US_HIGH_YIELD_BOND,97.471623,USD
2025-07-18,US_HIGH_YIELD_BOND,97.96966,USD
2025-07-21,US_HIGH_YIELD_BOND,98.203175,USD
2025-07-22,US_HIGH_YIELD_BOND,97.435874,USD
2025-07-23,US_HIGH_YIELD_BOND,97.162087,USD
2025-07-24,US_HIGH_YIELD_BOND,97.905827,USD
2025-07-25,US_HIGH_YIELD_BOND,98.02731,USD
2025-07-28,US_HIGH_YIELD_BOND,97.782533,USD
2025-07-29,US_HIGH_YIELD_BOND,97.399313,USD
2025-07-30,US_HIGH_YIELD_BOND,97.53722,USD
2025-07-31,US_HIGH_YIELD_BOND,97.333876,USD
2025-08-01,US_HIGH_YIELD_BOND,97.817496,USD
2025-08-04,US_HIGH_YIELD_BOND,97.601989,USD
2025-08-05,US_HIGH_YIELD_BOND,97.730326,USD
2025-08-06,US_HIGH_YIELD_BOND,97.963719,USD
2025-08-07,US_HIGH_YIELD_BOND,98.686441,USD
2025-08-08,US_HIGH_YIELD_BOND,99.025082,USD
2025-08-11,US_HIGH_YIELD_BOND,98.581664,USD
2025-08-12,US_HIGH_YIELD_BOND,97.612432,USD
2025-08-13,US_HIGH_YIELD_BOND,98.004058,USD
2025-08-14,US_HIGH_YIELD_BOND,98.434384,USD
2025-08-15,US_HIGH_YIELD_BOND,98.352693,USD
2025-08-18,US_HIGH_YIELD_BOND,99.502979,USD
2025-08-19,US_HIGH_YIELD_BOND,100.758496,USD
2025-08-20,US_HIGH_YIELD_BOND,101.082915,USD
2025-08-21,US_HIGH_YIELD_BOND,101.94152,USD
2025-08-22,US_HIGH_YIELD_BOND,102.359279,USD
2025-08-25,US_HIGH_YIELD_BOND,101.681862,USD
2025-08-26,US_HIGH_YIELD_BOND,102.078497,USD
2025-08-27,US_HIGH_YIELD_BOND,102.197511,USD
2025-08-28,US_HIGH_YIELD_BOND,102.288269,USD
2025-08-29,US_HIGH_YIELD_BOND,103.202153,USD
2025-09-01,US_HIGH_YIELD_BOND,103.298622,USD
2025-09-02,US_HIGH_YIELD_BOND,104.769891,USD
2025-09-03,US_HIGH_YIELD_BOND,104.374218,USD
2025-09-04,US_HIGH_YIELD_BOND,103.082607,USD
2025-09-05,US_HIGH_YIELD_BOND,104.165707,USD
2025-09-08,US_HIGH_YIELD_BOND,105.016854,USD
2025-09-09,US_HIGH_YIELD_BOND,104.984516,USD
2025-09-10,US_HIGH_YIELD_BOND,105.451264,USD
2025-09-11,US_HIGH_YIELD_BOND,105.456771,USD
2025-09-12,US_HIGH_YIELD_BOND,106.314474,USD
2025-09-15,US_HIGH_YIELD_BOND,107.443257,USD
2025-09-16,US_HIGH_YIELD_BOND,107.501291,USD
2025-09-17,US_HIGH_YIELD_BOND,108.422692,USD
2025-09-18,US_HIGH_YIELD_BOND,108.686523,USD
2025-09-19,US_HIGH_YIELD_BOND,109.089128,USD
2025-09-22,US_HIGH_YIELD_BOND,108.933907,USD
2025-09-23,US_HIGH_YIELD_BOND,109.310814,USD
2025-09-24,US_HIGH_YIELD_BOND,109.564131,USD
2025-09-25,US_HIGH_YIELD_BOND,108.631138,USD
2025-09-26,US_HIGH_YIELD_BOND,108.506423,USD
2025-09-29,US_HIGH_YIELD_BOND,109.350007,USD
2025-09-30,US_HIGH_YIELD_BOND,109.999308,USD
2025-10-01,US_HIGH_YIELD_BOND,108.775615,USD
2025-10-02,US_HIGH_YIELD_BOND,108.330817,USD
2025-10-03,US_HIGH_YIELD_BOND,107.820463,USD
2025-10-06,US_HIGH_YIELD_BOND,107.59207,USD
2025-10-07,US_HIGH_YIELD_BOND,108.385901,USD
2025-10-08,US_HIGH_YIELD_BOND,108.343478,USD
2025-10-09,US_HIGH_YIELD_BOND,108.963539,USD
2025-10-10,US_HIGH_YIELD_BOND,108.94275,USD
2025-10-13,US_HIGH_YIELD_BOND,109.584028,USD
2025-10-14,US_HIGH_YIELD_BOND,109.341853,USD
2025-10-15,US_HIGH_YIELD_BOND,109.432397,USD
2025-10-16,US_HIGH_YIELD_BOND,108.819081,USD
2025-10-17,US_HIGH_YIELD_BOND,108.738507,USD
2025-10-20,US_HIGH_YIELD_BOND,109.440186,USD
2025-10-21,US_HIGH_YIELD_BOND,108.407839,USD
2025-10-22,US_HIGH_YIELD_BOND,107.189835,USD
2025-10-23,US_HIGH_YIELD_BOND,106.551304,USD
2025-10-24,US_HIGH_YIELD_BOND,106.44052,USD
2025-10-27,US_HIGH_YIELD_BOND,104.942844,USD
2025-10-28,US_HIGH_YIELD_BOND,104.205708,USD
2025-10-29,US_HIGH_YIELD_BOND,103.77164,USD
2025-10-30,US_HIGH_YIELD_BOND,105.397895,USD
2025-10-31,US_HIGH_YIELD_BOND,106.827112,USD
2025-11-03,US_HIGH_YIELD_BOND,106.800746,USD
2025-11-04,US_HIGH_YIELD_BOND,105.041577,USD
2025-11-05,US_HIGH_YIELD_BOND,104.433865,USD
2025-11-06,US_HIGH_YIELD_BOND,104.221635,USD
2025-11-07,US_HIGH_YIELD_BOND,104.253281,USD
2025-11-10,US_HIGH_YIELD_BOND,103.410814,USD
2025-11-11,US_HIGH_YIELD_BOND,103.672782,USD
2025-11-12,US_HIGH_YIELD_BOND,103.838372,USD
2025-11-13,US_HIGH_YIELD_BOND,103.727871,USD
2025-11-14,US_HIGH_YIELD_BOND,103.933775,USD
2025-11-17,US_HIGH_YIELD_BOND,106.091286,USD
2025-11-18,US_HIGH_YIELD_BOND,106.759609,USD
2025-11-19,US_HIGH_YIELD_BOND,107.560555,USD
2025-11-20,US_HIGH_YIELD_BOND,107.952908,USD
2025-11-21,US_HIGH_YIELD_BOND,107.892685,USD
2025-11-24,US_HIGH_YIELD_BOND,109.192739,USD
2025-11-25,US_HIGH_YIELD_BOND,109.439455,USD
2025-11-26,US_HIGH_YIELD_BOND,109.080333,USD
2025-11-27,US_HIGH_YIELD_BOND,109.142452,USD
2025-11-28,US_HIGH_YIELD_BOND,108.250481,USD
2025-12-01,US_HIGH_YIELD_BOND,108.969766,USD
2025-12-02,US_HIGH_YIELD_BOND,107.948544,USD
2025-12-03,US_HIGH_YIELD_BOND,108.059505,USD
2025-12-04,US_HIGH_YIELD_BOND,107.781505,USD
2025-12-05,US_HIGH_YIELD_BOND,109.151334,USD
2025-12-08,US_HIGH_YIELD_BOND,110.583589,USD
2025-12-09,US_HIGH_YIELD_BOND,111.285246,USD
2025-12-10,US_HIGH_YIELD_BOND,111.540455,USD
2025-12-11,US_HIGH_YIELD_BOND,110.709821,USD
2025-12-12,US_HIGH_YIELD_BOND,110.483859,USD
2025-12-15,US_HIGH_YIELD_BOND,111.584986,USD
2025-12-16,US_HIGH_YIELD_BOND,111.22776,USD
2025-12-17,US_HIGH_YIELD_BOND,112.009049,USD
2025-12-18,US_HIGH_YIELD_BOND,113.0037,USD
2025-12-19,US_HIGH_YIELD_BOND,111.964136,USD
2025-12-22,US_HIGH_YIELD_BOND,112.679384,USD
2025-12-23,US_HIGH_YIELD_BOND,114.67554,USD
2025-12-24,US_HIGH_YIELD_BOND,114.435217,USD
2025-12-25,US_HIGH_YIELD_BOND,114.396791,USD
2025-12-26,US_HIGH_YIELD_BOND,114.016851,USD
2025-12-29,US_HIGH_YIELD_BOND,113.633364,USD
2025-12-30,US_HIGH_YIELD_BOND,114.743827,USD
2025-12-31,US_HIGH_YIELD_BOND,115.923785,USD
2025-01-15,GOLD,205.6,USD
2025-01-16,GOLD,207.074106,USD
2025-01-17,GOLD,207.215033,USD
2025-01-20,GOLD,208.650832,USD
2025-01-21,GOLD,206.864995,USD
2025-01-22,GOLD,206.132518,USD
2025-01-23,GOLD,206.127914,USD
2025-01-24,GOLD,206.016002,USD
2025-01-27,GOLD,205.648664,USD
2025-01-28,GOLD,203.152495,USD
2025-01-29,GOLD,201.878667,USD
2025-01-30,GOLD,203.997034,USD
2025-01-31,GOLD,202.902109,USD
2025-02-03,GOLD,202.503829,USD
2025-02-04,GOLD,203.263933,USD
2025-02-05,GOLD,204.493491,USD
2025-02-06,GOLD,205.932737,USD
2025-02-07,GOLD,208.55133,USD
2025-02-10,GOLD,210.401032,USD
2025-02-11,GOLD,212.060915,USD
2025-02-12,GOLD,214.647924,USD
2025-02-13,GOLD,216.126199,USD
2025-02-14,GOLD,214.348828,USD
2025-02-17,GOLD,211.313277,USD
2025-02-18,GOLD,207.865208,USD
2025-02-19,GOLD,207.935354,USD
2025-02-20,GOLD,205.34742,USD
2025-02-21,GOLD,203.610632,USD
2025-02-24,GOLD,200.556484,USD
2025-02-25,GOLD,201.053389,USD
2025-02-26,GOLD,204.147726,USD
2025-02-27,GOLD,206.071237,USD
2025-02-28,GOLD,205.991518,USD
2025-03-03,GOLD,205.459568,USD
2025-03-04,GOLD,205.198999,USD
2025-03-05,GOLD,206.311976,USD
2025-03-06,GOLD,208.235344,USD
2025-03-07,GOLD,209.385114,USD
2025-03-10,GOLD,210.143117,USD
2025-03-11,GOLD,209.497011,USD
2025-03-12,GOLD,206.32618,USD
2025-03-13,GOLD,208.98342,USD
2025-03-14,GOLD,209.443439,USD
2025-03-17,GOLD,209.188222,USD
2025-03-18,GOLD,208.178576,USD
2025-03-19,GOLD,205.319615,USD
2025-03-20,GOLD,205.153411,USD
2025-03-21,GOLD,203.510417,USD
2025-03-24,GOLD,201.231932,USD
2025-03-25,GOLD,200.772497,USD
2025-03-26,GOLD,198.235654,USD
2025-03-27,GOLD,196.853569,USD
2025-03-28,GOLD,198.153466,USD
2025-03-31,GOLD,195.950783,USD
2025-04-01,GOLD,194.407584,USD
2025-04-02,GOLD,194.537177,USD
2025-04-03,GOLD,194.035659,USD
2025-04-04,GOLD,193.537562,USD
2025-04-07,GOLD,193.934873,USD
2025-04-08,GOLD,192.719996,USD
2025-04-09,GOLD,193.026453,USD
2025-04-10,GOLD,194.358639,USD
2025-04-11,GOLD,196.140618,USD
2025-04-14,GOLD,196.879414,USD
2025-04-15,GOLD,196.191609,USD
2025-04-16,GOLD,195.407794,USD
2025-04-17,GOLD,193.688189,USD
2025-04-18,GOLD,197.272531,USD
2025-04-21,GOLD,197.024719,USD
2025-04-22,GOLD,198.370634,USD
2025-04-23,GOLD,198.439369,USD
2025-04-24,GOLD,197.516389,USD
2025-04-25,GOLD,200.663241,USD
2025-04-28,GOLD,202.277106,USD
2025-04-29,GOLD,202.175345,USD
2025-04-30,GOLD,199.532396,USD
2025-05-01,GOLD,197.468674,USD
2025-05-02,GOLD,196.760258,USD
2025-05-05,GOLD,199.571282,USD
2025-05-06,GOLD,201.120022,USD
2025-05-07,GOLD,200.735424,USD
2025-05-08,GOLD,200.354034,USD
2025-05-09,GOLD,199.772053,USD
2025-05-12,GOLD,201.917018,USD
2025-05-13,GOLD,202.793512,USD
2025-05-14,GOLD,200.277564,USD
2025-05-15,GOLD,201.107506,USD
2025-05-16,GOLD,201.763762,USD
2025-05-19,GOLD,203.417615,USD
2025-05-20,GOLD,202.737026,USD
2025-05-21,GOLD,202.269167,USD
2025-05-22,GOLD,197.918699,USD
2025-05-23,GOLD,197.461234,USD
2025-05-26,GOLD,197.971284,USD
2025-05-27,GOLD,195.428991,USD
2025-05-28,GOLD,195.570784,USD
2025-05-29,GOLD,198.40528,USD
2025-05-30,GOLD,200.819631,USD
2025-06-02,GOLD,199.493346,USD
2025-06-03,GOLD,197.023533,USD
2025-06-04,GOLD,199.018598,USD
2025-06-05,GOLD,199.197986,USD
2025-06-06,GOLD,199.500357,USD
2025-06-09,GOLD,201.421164,USD
2025-06-10,GOLD,204.913986,USD
2025-06-11,GOLD,207.107531,USD
2025-06-12,GOLD,205.809922,USD
2025-06-13,GOLD,209.174303,USD
2025-06-16,GOLD,209.629484,USD
2025-06-17,GOLD,208.569517,USD
2025-06-18,GOLD,207.846383,USD
2025-06-19,GOLD,205.067652,USD
2025-06-20,GOLD,204.860602,USD
2025-06-23,GOLD,204.423225,USD
2025-06-24,GOLD,204.093649,USD
2025-06-25,GOLD,203.886978,USD
2025-06-26,GOLD,203.847422,USD
2025-06-27,GOLD,204.564534,USD
2025-06-30,GOLD,205.674073,USD
2025-07-01,GOLD,206.076293,USD
2025-07-02,GOLD,207.502981,USD
2025-07-03,GOLD,207.042762,USD
2025-07-04,GOLD,207.989443,USD
2025-07-07,GOLD,207.742994,USD
2025-07-08,GOLD,208.387346,USD
2025-07-09,GOLD,208.749313,USD
2025-07-10,GOLD,209.357086,USD
2025-07-11,GOLD,211.641644,USD
2025-07-14,GOLD,213.586399,USD
2025-07-15,GOLD,215.402612,USD
2025-07-16,GOLD,215.981344,USD
2025-07-17,GOLD,215.682069,USD
2025-07-18,GOLD,213.172924,USD
2025-07-21,GOLD,210.044314,USD
2025-07-22,GOLD,208.08462,USD
2025-07-23,GOLD,206.398442,USD
2025-07-24,GOLD,205.707824,USD
2025-07-25,GOLD,207.320338,USD
2025-07-28,GOLD,204.645175,USD
2025-07-29,GOLD,205.940869,USD
2025-07-30,GOLD,207.337228,USD
2025-07-31,GOLD,209.68575,USD
2025-08-01,GOLD,210.149205,USD
2025-08-04,GOLD,209.626475,USD
2025-08-05,GOLD,210.560848,USD
2025-08-06,GOLD,209.609924,USD
2025-08-07,GOLD,209.90082,USD
2025-08-08,GOLD,208.650415,USD
2025-08-11,GOLD,206.522958,USD
2025-08-12,GOLD,207.091258,USD
2025-08-13,GOLD,208.422885,USD
2025-08-14,GOLD,208.848758,USD
2025-08-15,GOLD,208.713882,USD
2025-08-18,GOLD,209.069485,USD
2025-08-19,GOLD,209.869533,USD
2025-08-20,GOLD,207.737374,USD
2025-08-21,GOLD,210.092231,USD
2025-08-22,GOLD,209.622768,USD
2025-08-25,GOLD,207.4769,USD
2025-08-26,GOLD,209.223356,USD
2025-08-27,GOLD,209.029402,USD
2025-08-28,GOLD,208.960069,USD
2025-08-29,GOLD,209.470559,USD
2025-09-01,GOLD,207.444688,USD
2025-09-02,GOLD,211.405936,USD
2025-09-03,GOLD,209.412385,USD
2025-09-04,GOLD,209.527948,USD
2025-09-05,GOLD,212.293441,USD
2025-09-08,GOLD,214.237347,USD
2025-09-09,GOLD,214.093829,USD
2025-09-10,GOLD,213.981222,USD
2025-09-11,GOLD,211.90435,USD
2025-09-12,GOLD,209.757379,USD
2025-09-15,GOLD,211.29889,USD
2025-09-16,GOLD,211.857582,USD
2025-09-17,GOLD,209.921411,USD
2025-09-18,GOLD,208.584261,USD
2025-09-19,GOLD,208.865418,USD
2025-09-22,GOLD,206.184473,USD
2025-09-23,GOLD,209.397917,USD
2025-09-24,GOLD,210.440747,USD
2025-09-25,GOLD,210.0634,USD
2025-09-26,GOLD,208.845417,USD
2025-09-29,GOLD,208.935637,USD
2025-09-30,GOLD,212.927189,USD
2025-10-01,GOLD,211.062173,USD
2025-10-02,GOLD,213.451633,USD
2025-10-03,GOLD,212.086568,USD
2025-10-06,GOLD,214.298039,USD
2025-10-07,GOLD,213.602616,USD
2025-10-08,GOLD,213.592773,USD
2025-10-09,GOLD,215.963474,USD
2025-10-10,GOLD,211.268064,USD
2025-10-13,GOLD,207.863253,USD
2025-10-14,GOLD,209.755146,USD
2025-10-15,GOLD,210.114877,USD
2025-10-16,GOLD,211.941645,USD
2025-10-17,GOLD,214.554104,USD
2025-10-20,GOLD,212.097659,USD
2025-10-21,GOLD,213.588876,USD
2025-10-22,GOLD,216.578701,USD
2025-10-23,GOLD,216.813152,USD
2025-10-24,GOLD,216.916162,USD
2025-10-27,GOLD,218.037978,USD
2025-10-28,GOLD,217.40937,USD
2025-10-29,GOLD,216.015345,USD
2025-10-30,GOLD,216.962462,USD
2025-10-31,GOLD,215.043563,USD
2025-11-03,GOLD,215.759761,USD
2025-11-04,GOLD,215.048981,USD
2025-11-05,GOLD,213.273606,USD
2025-11-06,GOLD,211.57572,USD
2025-11-07,GOLD,212.702372,USD
2025-11-10,GOLD,213.995053,USD
2025-11-11,GOLD,214.994166,USD
2025-11-12,GOLD,216.945017,USD
2025-11-13,GOLD,220.306033,USD
2025-11-14,GOLD,223.425984,USD
2025-11-17,GOLD,226.250787,USD
2025-11-18,GOLD,226.202356,USD
2025-11-19,GOLD,222.856856,USD
2025-11-20,GOLD,221.576028,USD
2025-11-21,GOLD,220.961311,USD
2025-11-24,GOLD,222.474633,USD
2025-11-25,GOLD,223.930398,USD
2025-11-26,GOLD,226.564921,USD
2025-11-27,GOLD,227.114783,USD
2025-11-28,GOLD,228.163014,USD
2025-12-01,GOLD,230.767011,USD
2025-12-02,GOLD,230.380653,USD
2025-12-03,GOLD,231.410293,USD
2025-12-04,GOLD,231.805794,USD
2025-12-05,GOLD,231.748644,USD
2025-12-08,GOLD,229.482619,USD
2025-12-09,GOLD,229.61282,USD
2025-12-10,GOLD,229.73722,USD
2025-12-11,GOLD,229.987425,USD
2025-12-12,GOLD,230.751365,USD
2025-12-15,GOLD,226.499255,USD
2025-12-16,GOLD,226.546828,USD
2025-12-17,GOLD,226.785643,USD
2025-12-18,GOLD,228.932364,USD
2025-12-19,GOLD,229.104727,USD
2025-12-22,GOLD,228.43591,USD
2025-12-23,GOLD,228.461483,USD
2025-12-24,GOLD,228.681016,USD
2025-12-25,GOLD,229.533507,USD
2025-12-26,GOLD,226.247692,USD
2025-12-29,GOLD,226.371887,USD
2025-12-30,GOLD,227.088568,USD
2025-12-31,GOLD,226.397122,USD
